escalope,cheese,butter,spaghetti,flour,snack,beef,olive oil,water,chicken,milk,muffins,tuna,coca cola,white bread,cooking oil,juice
garlic,milk,honey,tuna,cooking oil,chocolate,mustard,chicken,ketchup,spaghetti,tea,escalope,butter
eggs,dark chocolate,mustard,garlic,muffins,tuna,spaghetti,cheese,honey
water,eggs,spaghetti,coca cola,ketchup,mustard,tea,milk,yogurt,muffins,tuna,chocolate
butter,dark chocolate,tea,flour
cooking oil,water,chicken,tea,ketchup,coca cola,yogurt,olive oil,honey,white bread,cheese,spaghetti,cookies,escalope,beef,butter,mustard
garlic,mustard,honey
cooking oil,mustard,cookies,white bread,water,yogurt,snack,butter,chicken,tuna,eggs,honey,beef,olive oil,chocolate,flour
yogurt,dark chocolate,eggs,ketchup,garlic,water,beef,mustard,snack
cheese,garlic,honey,tea,beef,ketchup,dark chocolate,tuna,chocolate,white bread,escalope
cookies,tuna,eggs,cheese,coca cola,muffins,garlic,milk,spaghetti,dark chocolate,white bread,escalope,snack,olive oil,beef,yogurt
mustard,milk,tea,flour,eggs,chocolate,tuna,beef,muffins,dark chocolate,garlic,water,escalope,ketchup,coca cola
escalope,chicken,cheese,mustard,beef,chocolate,snack,butter,dark chocolate,tea,spaghetti,milk,cookies,ketchup,muffins,olive oil,juice,cooking oil
beef,escalope,white bread,dark chocolate,cookies,olive oil,milk,chicken,ketchup
chicken,butter,chocolate,olive oil,cooking oil,juice,escalope,white bread,flour,water,dark chocolate,honey,mustard,milk
chocolate,muffins,chicken,tea,escalope,mustard,cookies,garlic
spaghetti,juice,ketchup,flour,muffins,milk
muffins,coca cola,garlic,honey,ketchup,cheese,white bread,juice,dark chocolate,chocolate,cookies
muffins,dark chocolate,juice,olive oil,white bread,eggs,flour,escalope,spaghetti,cheese,garlic,honey,butter,cooking oil,snack,tea,cookies
olive oil,cookies,chicken,water,cooking oil,escalope,honey,muffins,yogurt,snack,mustard,eggs,juice,white bread,beef,ketchup,flour,dark chocolate
white bread,mustard,chicken,juice,escalope,tuna,honey,cookies,beef
eggs,dark chocolate
chocolate,muffins,water,cheese,olive oil,juice,cookies,dark chocolate
escalope,snack,cooking oil,honey,mustard,garlic,butter,beef
cheese,eggs,tea,flour,chocolate,mustard,milk,cooking oil,chicken,snack,tuna,water,beef
tea,coca cola,yogurt,beef,snack,dark chocolate,cheese,cooking oil,chicken,water,eggs,butter,juice,garlic,milk,spaghetti,tuna,muffins,escalope
snack,escalope,yogurt,butter,olive oil,spaghetti,tea,ketchup,tuna,juice,honey,garlic,muffins,mustard,milk,dark chocolate,water
muffins,milk,cookies,spaghetti,tea,flour,coca cola,chocolate,yogurt,juice,water,cheese,snack,ketchup,escalope,dark chocolate,honey
water,spaghetti,garlic
coca cola,cookies,flour,milk,olive oil,dark chocolate,escalope,cooking oil,water
escalope,juice,mustard,cookies,cheese,honey
spaghetti,mustard,honey,chicken,white bread,cheese,snack,butter,coca cola,muffins
ketchup,coca cola,white bread,flour,cooking oil,olive oil,eggs,water,chicken,juice,spaghetti,cookies,escalope,mustard,yogurt,beef,muffins
garlic,coca cola,flour,chicken,water,mustard,snack,milk,escalope,olive oil
beef,milk,water,dark chocolate,honey,mustard,eggs,cookies
mustard,coca cola,milk,beef,yogurt,cheese,escalope,tuna,flour,butter,eggs,dark chocolate,tea,muffins,snack
olive oil,white bread,tuna,snack,water,milk,cheese,juice,cooking oil,eggs,yogurt,cookies,escalope
honey,olive oil,chocolate,dark chocolate,white bread,mustard,snack,chicken,garlic,yogurt,flour,escalope
mustard,tea,ketchup,dark chocolate,tuna,muffins,water,chocolate,escalope,cooking oil,eggs,flour,garlic,white bread,beef,coca cola,cheese
tuna,eggs,milk,garlic,white bread,juice
tuna,butter,cheese,eggs,spaghetti,water,white bread
cooking oil,tea,white bread,honey,chocolate,flour,muffins,ketchup,garlic,beef,butter,mustard,yogurt,snack,water
tea,dark chocolate,olive oil,eggs,cooking oil,coca cola,beef,muffins,mustard,butter,tuna,white bread,escalope,chocolate,snack
cooking oil,muffins,butter,ketchup,milk
olive oil,eggs,mustard,beef,juice,cheese,flour,white bread,chicken,butter
honey,chicken,dark chocolate,white bread,cooking oil,butter,spaghetti,cheese,beef,snack,eggs
cheese,yogurt,muffins,beef
garlic,milk
cheese,butter,yogurt,coca cola,muffins,ketchup,tuna,olive oil,water,spaghetti,chicken
mustard
cookies,muffins,olive oil,yogurt,chocolate,tuna,coca cola,cooking oil,flour,dark chocolate,honey,white bread,juice,eggs
cheese,snack,chicken,muffins,ketchup,chocolate,tea,beef,garlic
honey,juice,spaghetti,chocolate,beef,mustard,eggs,chicken
escalope,chicken,white bread,milk,flour
olive oil,flour,honey,garlic
beef,eggs,ketchup,dark chocolate,chicken,cheese,cooking oil,juice,olive oil,honey,muffins
flour,garlic,muffins,snack,butter
muffins,honey,juice,white bread,mustard,chicken,cheese,escalope,milk,cooking oil,butter
chicken,ketchup,water,muffins,beef,eggs,snack,cookies,honey,milk
olive oil,chocolate,butter,ketchup,flour,yogurt,cooking oil,honey,chicken,white bread
chocolate,white bread,dark chocolate,cooking oil,beef,spaghetti,mustard,butter,tuna,cookies,ketchup,escalope,eggs,coca cola,water,snack,garlic
water,escalope,muffins,spaghetti,tea,chocolate,milk,honey,cookies,beef,flour,juice,snack,yogurt,ketchup,white bread,olive oil,cheese
white bread,butter,mustard,water,muffins,eggs,snack,escalope,tuna,flour,yogurt,cookies
escalope,mustard,eggs,white bread,milk,cookies,ketchup,yogurt,olive oil,chicken,muffins,water,beef,spaghetti,tuna
mustard,honey,cookies,escalope,cheese
spaghetti,coca cola,juice,flour,escalope,tuna,olive oil
yogurt,ketchup,coca cola
white bread,flour,tea,olive oil,mustard,coca cola,eggs,garlic,escalope,ketchup,butter,yogurt,beef,cheese,juice
snack,water,dark chocolate,eggs,escalope,olive oil
beef,spaghetti,eggs,flour,chocolate,ketchup,chicken,cheese,milk,tuna,water
escalope,cheese,beef,butter,olive oil,tea,coca cola,white bread,honey,tuna,yogurt,chocolate
juice,eggs,beef,escalope,muffins,cooking oil,spaghetti,flour,garlic,white bread,tea,cheese,water,snack
garlic,flour,yogurt,olive oil,chicken,mustard,cookies,milk,muffins
olive oil,garlic
flour,yogurt,tea,garlic,spaghetti,olive oil,muffins,butter,tuna,beef,ketchup
chocolate,olive oil,eggs,flour
chocolate,mustard,honey,olive oil,coca cola,beef,flour,tea,garlic,escalope,cookies,chicken,dark chocolate,cooking oil,water,muffins
butter,olive oil,escalope,water,beef,garlic,flour,tuna,cooking oil,dark chocolate,coca cola,milk,muffins,tea,spaghetti,snack,cookies,mustard,ketchup,white bread
chocolate,yogurt,milk,ketchup,cheese,garlic,eggs,white bread,dark chocolate,water,spaghetti,coca cola,mustard,escalope,honey,chicken,olive oil,tuna,muffins
garlic,coca cola,honey,escalope,dark chocolate,yogurt,olive oil,mustard,butter,tuna,juice,tea
milk,water,eggs,chocolate,olive oil,dark chocolate,white bread,garlic,beef,snack
muffins,juice,honey,cookies,mustard,garlic,chicken,snack,escalope,tea
olive oil,tea
beef,mustard,chicken,yogurt,tuna,cookies,eggs,milk,white bread,cooking oil,cheese,chocolate,spaghetti,flour,butter
tea,honey,garlic,white bread,coca cola,ketchup,cooking oil,cheese
garlic,snack,chocolate,tuna,white bread,cooking oil,dark chocolate,cookies,honey,muffins,cheese,butter
beef,tea,dark chocolate,garlic
white bread,honey,escalope,milk
cooking oil
chicken,butter,cooking oil
dark chocolate,white bread,flour,butter,tuna,milk,cookies,escalope,water,snack,beef,chocolate,yogurt
white bread,ketchup,mustard,chocolate,muffins,snack,chicken,garlic,yogurt,cookies,escalope,cooking oil,cheese
tuna,tea
ketchup,yogurt,muffins,chicken
water,flour,cheese
white bread,escalope,honey,coca cola,cooking oil,cheese,dark chocolate,muffins,chocolate
mustard,coca cola,spaghetti
milk,yogurt,mustard,eggs,coca cola,chicken,honey,beef,tuna,cheese,juice,flour,butter,dark chocolate
water
flour,muffins,water,ketchup,beef,spaghetti,yogurt,honey,mustard,cookies
escalope,chicken,water,snack,beef,butter,cooking oil,muffins,mustard,cheese
flour,juice,tea,tuna,water,honey,cookies,coca cola,spaghetti,beef,olive oil,dark chocolate,eggs,escalope,muffins,ketchup,mustard,milk,cheese
spaghetti,escalope,water,butter
juice,spaghetti,cookies,ketchup,chocolate,escalope,muffins
chicken,honey,milk,butter,escalope,tuna,mustard,ketchup,yogurt,beef
olive oil,butter,chicken,escalope,cookies,honey,flour,water,spaghetti,garlic,white bread,muffins,chocolate
snack,spaghetti,cooking oil,water,milk,eggs,ketchup,chicken,tea
garlic,snack,yogurt,eggs,muffins,dark chocolate,ketchup,mustard,spaghetti,beef,chocolate,tuna
butter,honey,snack,cookies,cooking oil,garlic,coca cola
white bread,water,garlic,cookies,flour
ketchup,escalope,water,garlic,cheese,chocolate,muffins,olive oil,mustard,juice,tea,snack,white bread,yogurt,coca cola,beef,flour
dark chocolate,water,cheese,chocolate,yogurt,chicken,honey,milk,beef,cookies,butter,spaghetti,flour,muffins,garlic,white bread
water,cooking oil,escalope,cheese,tea,snack,butter,chocolate,muffins,olive oil,flour,juice,mustard
snack,cooking oil,ketchup,tea,butter,chicken,juice,coca cola
white bread,honey,spaghetti,coca cola,cheese,garlic,ketchup,yogurt,beef,tea,chicken,dark chocolate,snack
cookies,spaghetti,escalope,water,cooking oil,garlic,dark chocolate,beef,milk,muffins,juice,flour,tuna,snack,chicken,yogurt,butter
garlic,butter,dark chocolate,water,cheese,tuna,tea,eggs,coca cola,snack,muffins,juice,beef,white bread,chocolate,spaghetti
muffins,flour,milk,butter,yogurt,beef,chocolate,garlic,spaghetti,tea,water
dark chocolate,tuna,honey,coca cola,ketchup,garlic,butter,spaghetti,white bread,flour,chicken,cookies,escalope
yogurt,honey,cooking oil,milk,chicken
spaghetti,tea
flour,garlic,beef,honey,cookies,eggs,coca cola,yogurt,white bread,butter,escalope
white bread,mustard,honey,tea,butter,chocolate,dark chocolate,tuna,beef,milk,cheese,yogurt,coca cola,olive oil,water,muffins
escalope,mustard,spaghetti,cheese
flour,beef,water,milk,cookies,chicken,cheese,juice,ketchup,snack,mustard,coca cola,honey,olive oil,muffins,dark chocolate,escalope
butter,yogurt,milk,white bread,beef,olive oil,garlic,flour
water,cheese,dark chocolate,eggs,beef,ketchup,olive oil,yogurt,cooking oil,juice
spaghetti,tuna,escalope,honey,cheese,chicken,tea,muffins,coca cola,beef,yogurt,garlic,cookies,olive oil,mustard
coca cola,water
mustard,honey,tuna,chicken,cheese,eggs,water,white bread,yogurt
chicken,coca cola,flour
yogurt,olive oil,snack,escalope,chocolate,water,eggs,cooking oil,muffins,cheese,cookies,butter,spaghetti
chicken
tuna,milk,escalope,white bread,spaghetti,water,muffins,cheese
juice,yogurt,water,milk,ketchup,olive oil,honey,coca cola
honey,olive oil,snack,dark chocolate,yogurt,cooking oil,tuna,mustard,coca cola,tea,milk,eggs,cookies,cheese,garlic,ketchup,chocolate,escalope
dark chocolate,butter,honey,coca cola
muffins,tea,eggs,cookies
milk,ketchup,coca cola,yogurt,cookies,cheese,olive oil,tea,snack
tuna,snack,ketchup
escalope,olive oil,chocolate,yogurt,water,coca cola,white bread,beef,muffins,flour,eggs,juice,cheese,chicken
garlic,milk,cooking oil,chocolate,cheese,olive oil,dark chocolate,honey,white bread,coca cola,spaghetti,yogurt,mustard
milk,dark chocolate,chicken,chocolate,muffins,spaghetti,escalope,eggs,honey,butter,garlic,water,beef,flour,yogurt
beef,coca cola,flour,cooking oil,yogurt,chicken,cookies,spaghetti,honey,dark chocolate,chocolate,tea,eggs
tuna,juice,flour,tea,yogurt
olive oil,snack,coca cola,cookies,milk,honey,chicken,beef,yogurt,flour,escalope,white bread,cheese,eggs,tea,cooking oil
tea,coca cola,chocolate,white bread,chicken,olive oil,flour,dark chocolate
flour,escalope,butter,coca cola,cooking oil,water,juice,chicken
tuna,white bread,flour,coca cola,beef,butter,snack,chocolate,honey,juice,garlic,muffins,olive oil,cooking oil,ketchup,chicken
white bread,mustard,dark chocolate
mustard,chocolate,white bread,dark chocolate,olive oil,tea,beef,cheese,chicken,honey,flour,spaghetti,ketchup,muffins,milk,coca cola
water,tea,chicken,olive oil,flour,milk,snack,yogurt
escalope,chocolate,muffins,cooking oil,honey,mustard,milk,water
flour,spaghetti,mustard,tea,eggs,cookies,cheese,milk,snack,cooking oil,garlic,chocolate,juice,olive oil,honey,coca cola,beef,ketchup
yogurt,tea,garlic,butter,muffins,beef,flour
garlic,butter,tuna,escalope,yogurt,chocolate,white bread,tea,water,mustard,cheese
mustard,cheese,coca cola,butter,escalope,chocolate,muffins,garlic,dark chocolate,eggs,cookies,honey,chicken,white bread,flour,milk
butter,chicken
water,butter,spaghetti,eggs,cooking oil,flour,cheese,coca cola,honey,juice,milk,dark chocolate,garlic,mustard,yogurt
chocolate,tea,coca cola,tuna,water,escalope,dark chocolate,snack,juice,olive oil,beef,muffins,cooking oil,chicken,cheese
tuna,chocolate,ketchup,tea,coca cola,eggs,milk,escalope
muffins,garlic,chocolate,olive oil,flour,tea,cheese,spaghetti,cookies,dark chocolate,white bread,butter,juice
snack,muffins
ketchup,cheese,spaghetti,juice,cookies,escalope,snack,mustard,cooking oil,chicken,olive oil,beef
muffins,cookies,ketchup,juice,escalope,tuna,chicken,chocolate,honey,yogurt,tea,cooking oil,butter,mustard,eggs,spaghetti,flour
cheese,white bread,garlic,muffins,juice,eggs,honey,tuna,cooking oil,yogurt,snack,chocolate,chicken,beef,milk,coca cola,dark chocolate,ketchup,water,spaghetti
mustard,cheese,chicken,garlic,tuna,olive oil,beef,butter,spaghetti,milk,cookies
escalope,muffins,tuna,olive oil,cheese,beef,spaghetti,milk,coca cola,mustard,cookies,chocolate,tea,white bread,ketchup
escalope,olive oil,eggs,chicken,coca cola,dark chocolate,garlic,tea,flour,muffins,snack,ketchup,water,tuna,cheese,mustard
muffins,cheese,chocolate,tuna,coca cola,water,chicken,flour,ketchup,olive oil,eggs,escalope,dark chocolate,butter,cookies
milk,cheese,juice,dark chocolate,yogurt,cooking oil,garlic,white bread,chicken,coca cola,muffins,tea,spaghetti,eggs
mustard,milk,garlic,spaghetti,butter,coca cola,yogurt,olive oil,eggs,chicken,flour,honey,cookies,white bread,dark chocolate,tuna,cooking oil
honey,cookies
butter,escalope
coca cola,butter,chicken,mustard,cookies,cheese,cooking oil,flour,beef,chocolate,eggs,tea,tuna,ketchup,escalope,water,white bread
olive oil,beef,chicken,muffins,escalope,juice
cooking oil,eggs,muffins,dark chocolate,garlic,coca cola,tuna,olive oil,water,yogurt,tea,cheese,escalope,chicken
tuna,chocolate,cookies,snack,water,dark chocolate,honey,ketchup,mustard,cooking oil,escalope,flour,milk,juice,muffins
milk,cheese,olive oil,cookies,beef,spaghetti,honey,water,juice,coca cola,chocolate
olive oil,white bread,dark chocolate,tea,honey,mustard,tuna,juice,escalope,muffins,chocolate,cheese,chicken,flour
tuna
mustard,honey,white bread,cheese,snack,spaghetti,cookies,tuna,tea,coca cola,juice,ketchup,yogurt,milk,eggs,muffins
dark chocolate,coca cola,mustard,tea,ketchup,cooking oil,yogurt,flour,cheese,butter,eggs,cookies,chicken,snack,water,chocolate,tuna
olive oil,chicken,garlic,beef,honey,yogurt,juice,tea
garlic,cheese,cooking oil,coca cola,muffins,flour,escalope,snack,dark chocolate,honey
butter,dark chocolate,snack,beef,muffins,spaghetti,juice,escalope,water,honey,yogurt,chicken
honey,chicken,milk,spaghetti
mustard,snack,eggs,tea,escalope
butter,snack,yogurt,muffins,cookies,dark chocolate,garlic,spaghetti,chocolate,cooking oil,coca cola,tuna,ketchup,tea,escalope,white bread
yogurt,tuna,escalope,snack,milk,tea,water,mustard,cooking oil,white bread,butter,flour,cheese,coca cola,chocolate
water,chicken
escalope,cooking oil,water,milk,chocolate,cookies,chicken,garlic,yogurt,muffins,ketchup,eggs,cheese,flour,tea,honey,mustard,white bread,butter
muffins,flour,tuna,honey,cheese,chicken,garlic,water,dark chocolate,olive oil,ketchup,escalope,coca cola,cooking oil,juice,cookies
dark chocolate,eggs,spaghetti,chicken,coca cola,ketchup,mustard,cheese,snack,white bread,cooking oil,milk,escalope,juice,butter
chocolate,snack,escalope,milk,olive oil,flour,chicken,coca cola
water,yogurt,eggs,beef,mustard,juice,flour,honey,muffins,olive oil,white bread,ketchup,dark chocolate,chicken,spaghetti,escalope
chocolate,mustard,water,flour,olive oil,yogurt,tea,beef,eggs,ketchup,cheese,snack,cooking oil,juice,spaghetti
eggs,tea,water,beef,escalope,coca cola,garlic,muffins,butter,yogurt,milk,honey,cookies,cheese
yogurt,beef,tea,snack
cooking oil,beef,mustard,spaghetti,dark chocolate,cookies,tea,eggs,flour,tuna,white bread,muffins,butter,milk,ketchup,olive oil
garlic,cheese,chocolate,beef,muffins,white bread,coca cola,escalope,water,ketchup,tea,flour
chicken,flour,yogurt,garlic
olive oil,snack,muffins,mustard,eggs,butter,milk
ketchup,juice,spaghetti
cheese,beef,tea,escalope,muffins,cookies,water,coca cola,dark chocolate,tuna,garlic,flour,ketchup
cooking oil,spaghetti,chicken,muffins,escalope,ketchup,yogurt,olive oil,coca cola,butter,garlic
tuna,beef,flour,cookies,milk,muffins,cooking oil,butter,chocolate,chicken,white bread,mustard,juice,dark chocolate,eggs,tea,olive oil
garlic,eggs,spaghetti,honey,water,chicken,cooking oil,cheese,tea
cheese,dark chocolate,white bread,chicken,muffins,olive oil,cookies,butter,flour,tuna,water,garlic,cooking oil,chocolate,snack,beef,coca cola,juice
cooking oil,water,ketchup,flour,beef,yogurt,mustard,chocolate,white bread,dark chocolate,tea,olive oil,muffins,escalope
cookies,coca cola,tea,ketchup,cooking oil,muffins,beef,dark chocolate,milk,escalope,white bread,water,olive oil,mustard,butter,garlic
water,mustard,escalope,eggs,cheese,chicken,flour,muffins,olive oil,tea
tea,chicken,cooking oil,juice,flour,white bread,tuna,beef,honey,escalope,water,dark chocolate,ketchup,butter
cookies,flour,cheese,chocolate,juice
escalope,yogurt,coca cola,honey,cookies,white bread,eggs,spaghetti,cooking oil,tuna,snack,butter,chocolate,dark chocolate
dark chocolate,juice,water,flour,mustard,ketchup,honey
muffins,spaghetti,honey
beef,flour,cookies,garlic,cooking oil,white bread,chicken,yogurt,eggs,tuna,milk
cooking oil,spaghetti,juice
tea,cooking oil,chocolate,honey,ketchup,garlic,water,cheese,tuna,beef,olive oil,chicken,spaghetti,butter,flour,milk
butter,ketchup,cheese,water,tea
ketchup,chicken,escalope,tuna,milk,cookies,flour,beef,water,white bread,dark chocolate,chocolate,honey,yogurt,cheese,butter,eggs,spaghetti
tuna
honey,beef,escalope,mustard,tea,white bread,cookies,cooking oil,butter,spaghetti,chicken,chocolate,olive oil,yogurt,tuna,ketchup,coca cola,flour,dark chocolate
butter,tuna,chicken,snack,dark chocolate,juice,flour,white bread,muffins,cooking oil,eggs,cookies,milk
flour,butter,garlic,cooking oil,white bread,juice,chicken,snack,olive oil,yogurt,cheese,spaghetti,chocolate,tea,tuna,muffins,water,mustard,beef
ketchup,cooking oil,garlic,yogurt,eggs
cooking oil,chocolate,ketchup,mustard,butter,water,spaghetti,juice,white bread
tea,beef,tuna,chocolate,eggs,chicken,cheese
ketchup,honey,yogurt,olive oil,beef,eggs,spaghetti,muffins,garlic,juice,snack,dark chocolate,tuna,flour
escalope,beef,yogurt,cooking oil,cheese,ketchup,garlic,white bread
garlic,chicken,olive oil,snack,eggs,escalope,honey,white bread,spaghetti,milk,tea,chocolate,tuna,juice,flour,dark chocolate,butter
water,garlic,coca cola,chicken,juice,dark chocolate,olive oil,flour
cheese,white bread,juice,escalope,beef,milk
tuna,spaghetti,chocolate,cheese,yogurt,juice,cookies,tea,beef,muffins,chicken,flour,water,escalope
cookies,butter,escalope,cheese,beef,ketchup,white bread,spaghetti,yogurt,mustard,coca cola,tea,chicken
beef,chicken,coca cola,butter,eggs
butter,cheese,eggs,flour,beef,milk,water,honey,white bread,ketchup,dark chocolate,escalope,mustard,cookies,yogurt
cooking oil,yogurt,snack,dark chocolate,honey,ketchup
olive oil,butter,chocolate,garlic,muffins,water,cheese,spaghetti,escalope
coca cola,snack,muffins,milk,chicken,chocolate,honey,olive oil,mustard,cooking oil,cookies
honey,chicken,garlic,muffins,cheese,tuna,juice,chocolate,milk,ketchup,tea
yogurt,chocolate,muffins,tea,ketchup,cooking oil,flour,dark chocolate,butter,cookies,honey,garlic,snack,milk,tuna,juice,chicken
cheese,flour,milk,chocolate,olive oil,coca cola,ketchup,tea,tuna,chicken,cooking oil,snack,eggs,spaghetti,garlic,juice,dark chocolate,butter,yogurt
ketchup,dark chocolate,honey,cookies,beef,tea,garlic,milk,eggs,yogurt,white bread,cooking oil,tuna,escalope
escalope,mustard,juice,honey,cookies,butter,spaghetti,snack,garlic,cheese,tuna
butter,ketchup,white bread,garlic,milk,eggs,yogurt,coca cola,tea,beef,tuna,snack,mustard,cooking oil
white bread,cooking oil,milk,escalope,garlic,cookies,yogurt,juice,olive oil,cheese,water,beef,snack,tuna,chicken,tea,coca cola
coca cola,muffins,butter,beef,chocolate,spaghetti,dark chocolate,escalope,cookies
flour,dark chocolate,snack,muffins,milk,eggs,tea,ketchup,mustard,juice,escalope
flour,escalope,chicken,spaghetti,muffins,dark chocolate,tea,olive oil,cookies,cooking oil
chocolate,escalope,butter,juice,milk,tea,chicken,white bread,mustard,coca cola,dark chocolate,garlic,ketchup
milk,yogurt,cookies,white bread
snack,ketchup,muffins,dark chocolate,escalope,garlic,juice,tuna,white bread,mustard,chicken
juice,milk,escalope,spaghetti,dark chocolate,snack,ketchup,muffins,chocolate,cooking oil,garlic,yogurt
tuna,chicken,coca cola,dark chocolate,spaghetti,olive oil,tea,honey,cooking oil,butter,cheese,white bread,yogurt,ketchup
tea,yogurt,water,milk,spaghetti,eggs,snack,juice,dark chocolate,muffins,cookies,ketchup,coca cola
tuna,flour,juice,garlic,milk,chocolate,dark chocolate,water,muffins,tea
beef,mustard,flour,tea
beef,cooking oil,tuna,white bread,yogurt
snack,muffins,yogurt,tea,chicken,spaghetti,honey,eggs,olive oil,mustard,cooking oil,cheese,tuna,chocolate,ketchup
mustard,yogurt,flour,honey,snack,eggs,dark chocolate,escalope,spaghetti,water,ketchup,muffins,juice,chicken,tea,milk
chocolate,garlic,coca cola,white bread,honey,ketchup,spaghetti,tea
muffins,cooking oil
flour,butter,beef,yogurt,chicken,garlic,escalope,honey,tuna,cheese,coca cola,cooking oil,spaghetti,muffins,snack,dark chocolate,eggs,mustard,ketchup
honey,yogurt,flour,juice,coca cola,muffins,water,tea,cheese,spaghetti,snack,butter,beef
beef,coca cola,milk,tuna,tea,cheese,mustard,olive oil,cooking oil,butter,dark chocolate,honey,chicken,flour,escalope,white bread,eggs,spaghetti,muffins
cheese,spaghetti,mustard,chicken,cookies,ketchup,tea,olive oil,escalope,milk,eggs,chocolate,yogurt
chicken,cheese,cookies,honey,dark chocolate,beef,cooking oil,tuna,milk,water,spaghetti,eggs,muffins,escalope,flour,chocolate
beef,white bread,butter,cookies,chicken,coca cola,tea,milk,spaghetti,yogurt,cooking oil,mustard,tuna,juice,cheese,snack
eggs,chocolate,dark chocolate,tea,white bread,garlic,olive oil,milk,cheese,flour,water,ketchup,yogurt,beef,chicken
tea,honey,milk,juice,tuna,yogurt,coca cola,cooking oil,white bread,cookies,dark chocolate,ketchup,eggs,muffins,flour
water,ketchup,butter,juice,spaghetti,olive oil,tea,honey,yogurt,dark chocolate,milk,chocolate
cooking oil,chicken,eggs,honey,spaghetti,escalope,tea,butter
dark chocolate,spaghetti,beef,cheese,snack,tea,escalope,chocolate,coca cola,olive oil,chicken,muffins,tuna,honey
beef,cheese,tea,cookies,ketchup,olive oil,garlic,eggs,tuna,coca cola,white bread,snack,juice,mustard,chicken,butter,spaghetti,chocolate,water
water,flour,chocolate,tuna,beef,dark chocolate,escalope,white bread,muffins
dark chocolate,muffins,honey,cooking oil,cheese,beef,coca cola,flour,yogurt
yogurt
tuna,muffins,garlic,snack,cookies,cooking oil,escalope
cookies,tuna,yogurt,flour,garlic,juice,tea,butter
muffins,ketchup,beef,water
cooking oil,dark chocolate,chicken,olive oil,muffins,eggs,escalope,water,tuna,milk,white bread,juice,beef,coca cola,ketchup,tea,yogurt,chocolate,cookies,mustard
chocolate,olive oil,spaghetti,ketchup,juice,garlic,chicken,water,eggs,tuna,butter,yogurt,tea,beef,white bread,coca cola
flour
ketchup,cooking oil,honey,water,olive oil,butter,garlic,beef,flour
yogurt,honey,mustard,dark chocolate,tuna,water,coca cola,butter
muffins,tuna,honey,water,dark chocolate,coca cola,snack,chicken,tea,white bread,chocolate,cookies,flour,juice
snack,olive oil,juice,tuna,dark chocolate,escalope,yogurt
white bread,mustard,tuna,spaghetti,muffins,flour,olive oil,chocolate,cooking oil,eggs,tea,dark chocolate,garlic,ketchup,milk,honey,juice,cookies
cooking oil
yogurt,mustard,chocolate,chicken,tuna,flour
milk,cheese,spaghetti,muffins,cooking oil
garlic,spaghetti,tea,olive oil,eggs,cookies,cooking oil,chocolate,muffins,chicken,honey,beef,mustard,yogurt,ketchup
butter,beef,juice,honey,mustard,dark chocolate,cookies,water,white bread,eggs,coca cola
milk,chicken,yogurt,cooking oil,escalope,cheese
cookies,ketchup,chicken,tea,olive oil,mustard,spaghetti,garlic,muffins,coca cola,cheese,dark chocolate,tuna,butter
spaghetti,coca cola,cookies,chicken,white bread,juice,snack,cheese,eggs
cookies,flour
beef,chicken,flour,chocolate,ketchup,white bread,eggs,juice,cooking oil,olive oil,butter,yogurt,spaghetti,tuna,honey
chicken,water,mustard,beef
escalope,butter,milk,beef,cookies,chicken,white bread,snack,eggs,ketchup,dark chocolate,garlic,flour
white bread,tea,eggs,flour,water,muffins,juice,honey,yogurt,cooking oil,coca cola,dark chocolate,spaghetti
chicken,spaghetti,dark chocolate,mustard,cookies,eggs,olive oil,flour,tea,cooking oil,beef
yogurt,mustard,cheese,escalope,cooking oil,chicken,spaghetti,beef,butter,garlic,cookies,juice
mustard,yogurt,juice,cooking oil,cookies,spaghetti,snack,honey,white bread
mustard,cheese,dark chocolate,coca cola,white bread,milk,tuna,cooking oil,water,ketchup,cookies,beef,muffins
escalope,garlic,cooking oil,juice,tea,water,mustard,cheese,milk,chicken,snack,cookies,honey,yogurt,flour,coca cola
chicken,escalope,cooking oil,ketchup,chocolate,spaghetti,tuna,mustard
cookies,spaghetti,tuna,dark chocolate,tea,beef,honey
muffins,beef,water,tea,cheese,coca cola,chicken,olive oil
tea,cooking oil,flour,beef,cookies,butter,honey,spaghetti
water,chocolate,yogurt,escalope,milk,white bread,coca cola,chicken
white bread,tea,cookies,mustard
ketchup,cookies,mustard,juice,chocolate,muffins,honey,yogurt,garlic,milk,eggs,beef,white bread,dark chocolate,cooking oil,tea
ketchup,flour,chicken,garlic,tea,cheese,butter,tuna,escalope,water,juice
mustard,eggs,yogurt
cookies,garlic,beef,eggs,water,snack,dark chocolate,escalope,mustard,tea,butter,chocolate,cheese,spaghetti,yogurt,tuna,juice,olive oil
coca cola,snack,cookies,juice,mustard,dark chocolate
coca cola,cheese,escalope,cookies,tea,milk,mustard,snack,eggs,spaghetti,flour,chicken
yogurt,chocolate,white bread,spaghetti,escalope
cookies,butter,beef,coca cola
cooking oil,muffins,chocolate,tea,butter,dark chocolate,flour,spaghetti,mustard,beef,cookies,olive oil,honey,escalope,juice,milk,ketchup
mustard,butter,ketchup,honey,coca cola,beef,spaghetti,garlic,water,olive oil,cookies,yogurt,flour,cooking oil,tea
tuna,white bread,escalope,snack,coca cola,milk,chocolate,butter,eggs,cheese,mustard,dark chocolate,flour,olive oil,garlic,ketchup
garlic,ketchup,snack,white bread,beef,yogurt
muffins,olive oil,ketchup,tuna,water,juice,garlic,chicken,milk,cookies,tea
water,juice,ketchup,cookies,tuna,eggs,dark chocolate,coca cola,mustard,white bread,honey
tuna,white bread,chocolate,beef,olive oil,flour,water,cheese,juice,spaghetti,cooking oil,coca cola,butter
beef,juice,butter
ketchup,chicken,honey,dark chocolate,cheese,beef,cooking oil,chocolate,olive oil
coca cola,honey,milk,cookies,white bread,yogurt,eggs,olive oil,dark chocolate,cheese,spaghetti,tuna,butter,juice,tea
milk,chocolate,snack,coca cola,dark chocolate,garlic,ketchup,white bread,eggs,water,escalope,flour
chicken,muffins,cookies,water,coca cola,beef,tuna,cheese,white bread,milk,escalope,cooking oil,mustard,dark chocolate
cookies,tuna,spaghetti,milk,water,butter,chocolate,escalope,beef,tea,honey,mustard,cheese,white bread,muffins
cookies,eggs,yogurt,cooking oil,chocolate,ketchup,escalope,muffins,dark chocolate,spaghetti,tea,olive oil,milk
flour,snack,muffins,olive oil,ketchup,mustard,garlic,water,beef,cooking oil,spaghetti,chocolate,butter
tuna,white bread,honey,yogurt,cookies,cooking oil
beef,tuna,cookies,snack,cheese,olive oil
dark chocolate,tuna,water,cooking oil,ketchup,snack,butter,garlic,olive oil,muffins,yogurt,chicken,beef,chocolate
snack,yogurt,mustard,tuna,flour,coca cola,beef,escalope,juice,ketchup
honey,white bread,cooking oil,milk,beef,ketchup,cheese,chicken,butter,dark chocolate,snack
cheese,cooking oil,tea,yogurt,chicken,tuna,garlic,spaghetti,ketchup
cookies,garlic,milk,cooking oil,white bread,butter,cheese,tea,snack,flour,mustard,olive oil,dark chocolate,tuna,spaghetti,honey,water,beef
beef,chocolate,mustard,spaghetti,muffins
tuna,chocolate,cookies,chicken,olive oil,beef,mustard,juice,muffins,escalope,flour,spaghetti,garlic,cooking oil,ketchup,dark chocolate
white bread,chocolate,honey,flour,water,tuna,ketchup,juice
eggs,juice,honey,water,garlic,muffins,white bread,coca cola
beef,snack
butter,cookies,milk,honey,tea,muffins,beef
juice,yogurt,dark chocolate,chicken,cooking oil,muffins,chocolate,milk,cookies,cheese,mustard,escalope,tea,flour,white bread
tuna,ketchup,escalope,muffins,chicken,coca cola,cookies,beef,honey,milk,snack
butter
yogurt,chocolate,honey,snack,cooking oil,garlic,muffins,ketchup,white bread,spaghetti,eggs,beef,butter,juice,dark chocolate
eggs,cooking oil,milk,beef,cookies,tea,ketchup,water,olive oil,tuna,snack,muffins,flour,yogurt,chocolate,white bread,coca cola
cheese,butter,eggs,yogurt,cookies,honey,milk,garlic
juice,cooking oil
coca cola,yogurt,tuna,ketchup,cookies,eggs,white bread,chicken,milk,olive oil,cooking oil,dark chocolate
cheese,chocolate,snack,milk,yogurt,white bread,honey,cooking oil,garlic,tuna,coca cola,cookies,muffins,tea,beef,olive oil,dark chocolate
cooking oil,cookies,yogurt,tuna,milk,snack,spaghetti,ketchup
juice,muffins,chicken,cheese,yogurt,eggs,honey,butter,dark chocolate,tuna,snack,coca cola,garlic,milk,ketchup,beef,spaghetti,flour,cooking oil,mustard,white bread
muffins,mustard,garlic,tea,cookies,flour,beef,honey,snack,spaghetti,juice,yogurt,cheese,chocolate,water,chicken
juice,muffins,coca cola,mustard,butter,spaghetti,cookies,eggs,escalope,tea,garlic,tuna
cookies,snack,ketchup,milk,chicken,spaghetti,cooking oil,flour,tuna,garlic
snack,cheese
garlic,spaghetti,eggs,snack,coca cola,cooking oil,chicken
yogurt,cheese,chocolate,juice,escalope,flour,water,dark chocolate,spaghetti,butter,beef,milk,olive oil,tea,muffins,tuna
juice,beef,coca cola,cheese,cookies,tuna,water,escalope,eggs,butter
butter,tuna,cookies,escalope,garlic,cheese,coca cola,tea,water,eggs,milk,white bread,spaghetti
juice,beef,cheese,mustard
coca cola,tea,ketchup,mustard,eggs,flour,chicken,muffins,cooking oil,olive oil,chocolate
water,garlic
tea,mustard,honey,water,cookies,flour,beef,milk,juice,eggs
ketchup,dark chocolate,beef,garlic,water,butter
ketchup,flour,tuna,garlic,yogurt,muffins,mustard,beef,snack,dark chocolate,escalope,honey,white bread
mustard,beef,chicken,olive oil,milk,flour
spaghetti,ketchup,mustard,eggs,chocolate,chicken,cookies,butter,milk,coca cola,juice,muffins,yogurt,honey,water,garlic,olive oil
garlic
ketchup,flour,white bread,tea,chicken,spaghetti,cooking oil,coca cola,honey,beef,chocolate,cheese
honey,juice,chocolate,coca cola,water,tea,cheese,chicken,cookies
dark chocolate,snack,escalope,white bread,eggs,cooking oil,garlic
milk,beef,yogurt,mustard,cheese,butter,garlic,snack,olive oil,coca cola,ketchup,eggs,flour,juice,cookies,tea
muffins,milk,snack,flour,garlic,yogurt,olive oil,mustard,honey,juice,cookies,beef,cooking oil,cheese,coca cola,ketchup
juice,dark chocolate,chocolate,coca cola,flour,ketchup,cheese,cookies
water,beef,escalope,ketchup,spaghetti,chicken,milk,cheese,white bread,butter,muffins
water,coca cola,tea,butter,garlic,snack,eggs,chicken,chocolate,flour,cooking oil,yogurt,escalope,honey
coca cola,chocolate,snack,cooking oil,olive oil,eggs,yogurt,cheese,cookies,tuna,spaghetti,white bread,flour,butter,water,escalope,beef,mustard,dark chocolate
muffins,tea,spaghetti
milk,cheese,cooking oil,tuna,ketchup,yogurt,water,garlic,spaghetti,white bread
mustard,butter,cookies,water,yogurt,spaghetti,muffins,beef,escalope,cooking oil,juice,snack,ketchup,honey
snack,dark chocolate,chocolate,water
snack,garlic,muffins,tea,white bread,escalope,flour,cooking oil,juice,milk,mustard,ketchup,chicken,honey,tuna,yogurt,beef,eggs,coca cola
dark chocolate,honey
mustard,milk,eggs,cooking oil,cheese,honey,beef,white bread,muffins,spaghetti,tuna,tea,dark chocolate,chicken,olive oil,coca cola
dark chocolate,snack,butter,water,garlic,white bread,cooking oil,muffins,yogurt,eggs,beef,tuna,honey
butter,muffins,coca cola,garlic,flour,chocolate,cookies,yogurt,tea,dark chocolate,spaghetti,milk,water
water,dark chocolate,ketchup,garlic,coca cola
butter,tuna,mustard,chocolate,muffins,beef,water,tea,white bread,juice,chicken,cooking oil,cheese,olive oil,spaghetti,coca cola
olive oil,juice,muffins,cheese,water
beef,cookies,tea,yogurt,white bread,mustard,tuna,muffins,flour,coca cola,milk
white bread,cooking oil,escalope,tuna
tea,water,ketchup,white bread,tuna,cheese,coca cola,escalope,honey,eggs,spaghetti,cooking oil,chocolate,muffins,flour,cookies
snack,cheese,eggs,butter,white bread,garlic,water,dark chocolate,muffins,cookies,coca cola,beef,milk,tea,honey,chocolate,escalope
dark chocolate,chocolate,chicken,beef,butter,honey,escalope,cheese,cooking oil,garlic,ketchup,tuna,white bread,tea,muffins
cooking oil,butter,chocolate,ketchup,flour,dark chocolate,coca cola,garlic,chicken
chicken,cheese,dark chocolate,eggs,muffins,coca cola
dark chocolate,garlic,milk,yogurt,snack,white bread,honey,chicken,tuna,water,eggs,coca cola,cookies,cooking oil,beef,flour,ketchup,cheese
escalope,spaghetti,honey,coca cola,olive oil,dark chocolate,milk,snack,chicken,white bread,muffins,ketchup,cookies,water,cheese
juice,eggs,tea,muffins,cooking oil,chocolate,tuna,escalope,white bread,ketchup,flour,olive oil,spaghetti,dark chocolate,cookies
honey,chicken,chocolate,mustard,tuna,milk,garlic,cookies,butter,coca cola,water,tea
eggs,chocolate,ketchup,spaghetti,coca cola,garlic,escalope,water
butter,coca cola,tuna,cookies,cooking oil,ketchup,muffins,snack,cheese,juice,dark chocolate,white bread,honey,beef
yogurt,water,chicken,escalope,milk,mustard,spaghetti,butter,muffins,dark chocolate,juice,ketchup
tuna,cheese,dark chocolate,yogurt,muffins,water,spaghetti,cookies,mustard,olive oil,cooking oil,ketchup,honey,milk
white bread,tuna,cheese,honey,mustard,cookies,chocolate,chicken,beef,milk,juice,eggs,tea
milk,cookies,eggs,honey,tea,tuna,juice,snack,olive oil,cheese,chicken,chocolate,coca cola,muffins,butter,spaghetti,water,dark chocolate,ketchup
honey,garlic,muffins,tuna,cheese,cooking oil,eggs,juice,tea,yogurt,dark chocolate,flour,beef
cookies,mustard,tuna,juice,chicken
spaghetti,yogurt,coca cola,chicken,milk
honey,spaghetti,cheese,mustard
flour,escalope,beef,muffins,coca cola,olive oil,white bread,chicken,dark chocolate
tea,ketchup,mustard,juice,water,yogurt,cookies,milk,beef,olive oil,eggs,muffins,white bread,snack,cheese
chicken,cookies,honey,chocolate,escalope,eggs,snack,milk,cheese,flour,muffins,white bread,tea,beef
coca cola,flour,juice,white bread,cooking oil,tuna,yogurt,snack,chocolate,garlic,ketchup,beef
dark chocolate,muffins
water,coca cola,flour,tuna,cookies
spaghetti,flour
snack,beef,muffins,cheese,chicken,butter,tea,eggs,juice
spaghetti,garlic,coca cola,milk,muffins,water,white bread,cheese,juice,yogurt,mustard,cooking oil,ketchup,chicken
cookies,cheese,flour,honey,tuna,tea,spaghetti,coca cola
cooking oil,cheese,olive oil,chocolate,tuna,flour,tea,cookies,mustard
tea,mustard,butter,garlic,beef,eggs,cookies,white bread,olive oil,chicken,flour
water,muffins,snack,coca cola,garlic,tuna,cooking oil,eggs,honey,escalope,chicken,mustard
dark chocolate,butter,mustard,chicken,coca cola,garlic,milk,spaghetti
muffins,beef,ketchup,tuna,cookies,honey,chocolate,dark chocolate,white bread,cheese,chicken,milk,cooking oil,butter,spaghetti,tea,flour
spaghetti,snack,escalope,white bread,chocolate,honey,muffins,cooking oil,dark chocolate
chocolate,milk,tuna,mustard,garlic,honey,olive oil,muffins,water,dark chocolate,beef,cookies,cooking oil,yogurt
spaghetti,cooking oil,garlic,honey,cheese,flour,chicken
ketchup,cheese,escalope,chicken,chocolate,spaghetti,olive oil,garlic,mustard,snack,white bread,dark chocolate
tuna,cheese,ketchup,muffins,spaghetti,water,yogurt,cooking oil,chicken,flour,eggs,tea,juice,butter,olive oil
chocolate,spaghetti
spaghetti,olive oil,ketchup,chocolate,chicken,cooking oil,milk,tea,dark chocolate,mustard,flour,tuna,escalope,beef,butter
juice,chocolate,garlic,water,flour,mustard,olive oil
honey,muffins,milk,olive oil,tea,flour,escalope,spaghetti,coca cola,eggs,snack,cookies,beef,water,chicken,butter
eggs,chocolate,white bread,snack,dark chocolate,ketchup,cooking oil
cooking oil,flour,yogurt,eggs,milk,olive oil,water
chicken
flour,juice,olive oil,ketchup,tuna,escalope,cooking oil,tea,eggs,muffins,cookies,water,butter,dark chocolate,spaghetti
tea,cooking oil,chocolate,eggs,spaghetti,butter
eggs,cookies,honey,escalope,white bread,cooking oil,flour
cooking oil,spaghetti,butter,coca cola,water,tuna,eggs,juice,tea,ketchup,chocolate,snack
yogurt,eggs,white bread,spaghetti,olive oil,juice,coca cola,snack,honey,ketchup,flour
muffins,cooking oil,mustard,escalope,honey,beef,eggs,tea,chicken,butter,snack,milk,juice,yogurt,flour,water
spaghetti,water,coca cola,milk,white bread,ketchup,eggs,olive oil,escalope,tuna,tea,flour,chicken,garlic,beef
white bread,eggs,honey,tea,cookies,snack,coca cola,chocolate,spaghetti,mustard,cheese,flour,dark chocolate,muffins,butter,tuna,juice
olive oil
eggs
cookies,white bread,snack,olive oil,eggs,escalope,tea,cheese,butter,chocolate,flour,tuna,cooking oil,beef,chicken,dark chocolate,yogurt,garlic
tea,chocolate
spaghetti,white bread,muffins
cheese,butter,mustard,yogurt,cooking oil,spaghetti,white bread,tea,chicken,olive oil,water
cheese,ketchup,milk,snack,olive oil,butter,escalope,coca cola,water,chicken,mustard,cooking oil,spaghetti,eggs,honey,tea
cookies,white bread,escalope,coca cola,chocolate,cheese,mustard,butter,spaghetti,tea
flour,muffins,tuna,tea,mustard,cookies
milk,water,mustard,yogurt
honey,olive oil,tea,butter,ketchup,water,spaghetti,muffins,chicken
mustard,eggs,muffins,cooking oil,water,chocolate,coca cola,honey,tuna,cookies
ketchup,coca cola,muffins,tuna,yogurt,chocolate,olive oil,chicken,flour,eggs,cookies
escalope
milk,white bread,escalope,olive oil,spaghetti,tea,coca cola,water,snack,ketchup,yogurt,dark chocolate,mustard,eggs,tuna,cookies,honey,muffins
beef,butter,ketchup,yogurt,dark chocolate,garlic,honey,coca cola,muffins,snack,chocolate,chicken
yogurt,butter,snack,ketchup,water,tea
ketchup,butter,snack,coca cola,honey,dark chocolate
tuna,butter,juice,milk,spaghetti,tea,honey,escalope,ketchup,mustard,cookies,yogurt,cheese,coca cola,snack,flour,chicken,eggs,olive oil
tuna,chocolate,cookies,chicken,tea,garlic,mustard,white bread,flour
milk,honey,coca cola,butter,cheese,flour,chocolate,yogurt,olive oil,eggs,ketchup,water,tea,escalope,spaghetti
spaghetti,snack,beef,ketchup,mustard,milk,white bread
escalope,snack,juice,water,spaghetti,chicken,muffins,cheese,beef,dark chocolate,coca cola,ketchup,garlic,milk,cookies,yogurt,mustard,olive oil
honey,mustard,chicken,milk,snack,olive oil,tuna,butter,dark chocolate,escalope,coca cola,eggs,water,cooking oil,cookies
olive oil,honey,yogurt,beef,spaghetti,chocolate
eggs,cooking oil,white bread,dark chocolate,coca cola,milk,honey,escalope,olive oil,tuna,muffins,juice,tea
ketchup,cooking oil,flour,eggs,snack,tuna,juice,butter,honey,beef,water,chicken
juice,ketchup,tea,coca cola,water
snack,garlic,spaghetti,beef,flour,chocolate,water,tuna,olive oil,honey
honey,cooking oil,cheese,cookies,tuna,mustard,muffins,ketchup,dark chocolate,white bread,olive oil,butter,eggs,spaghetti
butter,spaghetti,cooking oil,garlic,tuna,muffins,water,honey
water,garlic,cooking oil,butter,mustard,muffins,dark chocolate,milk,tea,ketchup,white bread,escalope,cheese
beef,cheese,garlic,cooking oil,white bread,coca cola,cookies,mustard,tuna
juice,snack,beef,flour,chicken
garlic,tuna,mustard,dark chocolate,cheese,flour,beef
white bread,spaghetti,yogurt
cheese,dark chocolate,olive oil,yogurt,chocolate,water,eggs,chicken
escalope,honey,tuna,juice,dark chocolate,mustard,muffins,beef,flour,yogurt,snack,milk
tuna,milk,white bread,yogurt,flour,honey,chocolate,cooking oil,dark chocolate
yogurt,cheese,water,cooking oil,chicken,eggs,ketchup,juice,tuna,dark chocolate,escalope,garlic,olive oil,white bread,butter,milk,muffins
white bread,snack,water,ketchup,cheese,flour,escalope,yogurt,butter,coca cola,spaghetti,chicken,cooking oil,tuna
flour,milk,cookies,juice,white bread,snack,tuna
garlic,water,eggs,ketchup,butter,yogurt,spaghetti,milk,mustard,white bread,dark chocolate,escalope,juice
tea,olive oil,white bread
garlic