coca cola,juice,cheese,muffins,chocolate,tuna,ketchup,beef,honey,olive oil,spaghetti,milk,tea,mustard,snack,chicken
muffins,chocolate,white bread,tuna,dark chocolate,snack,beef
chicken,yogurt,dark chocolate,honey,milk,cooking oil,tuna,tea,ketchup,coca cola
tea,butter,milk,juice,cooking oil,chicken,honey,muffins,ketchup,olive oil
spaghetti,cooking oil,olive oil,escalope,chocolate,muffins,chicken,honey,eggs,tea,flour,mustard,juice,white bread
ketchup,muffins,milk,water,beef,white bread,mustard,butter,cooking oil,tuna,garlic,honey,dark chocolate,flour,spaghetti,eggs,yogurt
tea,chicken,tuna,milk,chocolate,honey,ketchup,snack,cooking oil,spaghetti,cookies,garlic,water,yogurt
cookies,honey,butter,coca cola,dark chocolate,chocolate,cheese,beef,chicken,snack,muffins,tea,olive oil
tuna,spaghetti,coca cola,honey,beef,muffins,chicken,mustard,water,chocolate,cookies,garlic
flour,escalope,beef,eggs,dark chocolate,cheese,tuna,butter,juice,chicken,water,snack,cookies,tea,mustard,honey,white bread
tuna,honey,coca cola,eggs,white bread,chicken,olive oil,cooking oil,muffins,tea,garlic,ketchup
flour,olive oil,tea,snack,cooking oil,chocolate,mustard,muffins,milk,beef,chicken,white bread,spaghetti,cookies,coca cola
spaghetti,mustard,tea,cooking oil,garlic
butter
mustard,beef,coca cola,spaghetti,garlic,honey,chocolate,eggs,butter,muffins,cooking oil,dark chocolate,tea,olive oil,chicken,milk
tuna,juice,water,ketchup,eggs,coca cola,cooking oil,flour,yogurt,chocolate,butter,beef,spaghetti,mustard,olive oil,garlic,white bread,muffins
chicken,cheese,butter,coca cola,garlic,eggs,yogurt,white bread,snack,tuna,tea,muffins
tuna,cookies,chicken,yogurt,tea,muffins,ketchup,beef
cooking oil,olive oil,muffins,honey,spaghetti,eggs,beef,mustard,chicken,yogurt
butter,beef,dark chocolate,honey
spaghetti,tuna,dark chocolate,snack
escalope,juice,olive oil,milk,cooking oil,cookies,ketchup,flour,water,spaghetti,garlic,beef,cheese,butter,tuna,eggs,muffins,tea
cooking oil,spaghetti,tuna,mustard,muffins,chocolate,dark chocolate,cookies,olive oil,cheese,snack,white bread,butter
cookies,garlic,escalope,juice,eggs,coca cola,chocolate,yogurt,ketchup,water,dark chocolate,olive oil
garlic,coca cola,muffins,chicken,cooking oil,milk
spaghetti,escalope,yogurt,cookies,snack,coca cola,water,ketchup,muffins,mustard,juice,beef,tea,garlic,honey,butter,dark chocolate
cheese,water,butter,ketchup,yogurt,mustard,beef,garlic,snack,white bread
ketchup,beef,honey,garlic,milk,dark chocolate,chocolate,spaghetti,muffins,chicken,olive oil,butter,eggs,juice,yogurt,flour,escalope
escalope,tuna,garlic,ketchup,dark chocolate,spaghetti,cheese,chicken,yogurt,olive oil,butter,water,eggs,juice,flour
escalope,snack,cookies,mustard,cheese,yogurt,ketchup,tuna
escalope,eggs,cheese,mustard,butter,white bread,cooking oil
chocolate,spaghetti,snack,escalope,mustard,eggs,cheese,dark chocolate,coca cola,chicken,white bread,milk,tuna,yogurt,cooking oil,olive oil,cookies
white bread,flour,garlic,tea,escalope,tuna
muffins,garlic,cookies,beef,chicken,water,juice,yogurt,snack,ketchup,tea,dark chocolate,chocolate,coca cola
snack,spaghetti,muffins,olive oil,chocolate,juice,water,garlic,eggs,tea
escalope,butter,muffins,cooking oil,flour,cheese,eggs,garlic,mustard,snack,water,milk,beef,coca cola,juice,chocolate
chicken,dark chocolate,coca cola,mustard,flour,cookies,chocolate,snack,eggs,juice,garlic
juice,coca cola,beef,escalope,olive oil,tea,cheese,muffins,honey,water,chocolate,flour,eggs,chicken,snack,cooking oil
yogurt
spaghetti,tea,cookies,garlic,tuna
honey,escalope,coca cola,tea,cooking oil,milk,butter,water,muffins,yogurt,cookies,juice
muffins,coca cola,white bread,snack,butter,eggs,mustard,cookies,escalope,tuna,cooking oil,water,chicken,cheese,spaghetti,milk,honey
white bread,coca cola,cookies,chicken,eggs,tuna,tea,spaghetti,honey,cheese,yogurt,garlic,cooking oil,water,beef,mustard,chocolate,butter
cookies,muffins,olive oil
milk,tea,coca cola,honey,snack,butter,cheese,water,ketchup,yogurt,chocolate,olive oil,cookies
flour,yogurt,tea,eggs,beef,dark chocolate,olive oil,cookies,cheese,butter
honey,tuna,ketchup,cheese,chocolate,milk,beef,butter,garlic,muffins
mustard,honey,milk,white bread,cookies,beef,yogurt,juice,chocolate
butter,chocolate,beef
white bread,honey,water,spaghetti
cooking oil,water,escalope,flour,coca cola,juice,snack,butter,white bread,cookies,beef,honey,chicken,cheese,ketchup,tuna,dark chocolate,chocolate,spaghetti
ketchup,garlic,olive oil,tea,milk,snack,dark chocolate,mustard
beef,eggs,cooking oil,dark chocolate,tea,yogurt
chicken,butter,beef,cookies,coca cola,yogurt,garlic,honey,escalope,eggs,ketchup,water,juice
beef,spaghetti,muffins,olive oil,flour,water,yogurt,juice,escalope,ketchup,cheese,snack,garlic
chocolate,cheese,mustard,yogurt,juice,spaghetti,eggs,chicken
cheese,chicken,cooking oil,flour,yogurt
chicken,mustard,juice,white bread,cheese,olive oil,chocolate,ketchup,beef,milk,butter
spaghetti,tuna,beef,snack,olive oil,milk
chicken,cooking oil,garlic,dark chocolate,chocolate,yogurt,eggs,escalope,honey,butter,mustard,water,cookies,muffins
tuna,olive oil,beef,white bread,juice,eggs,milk,mustard,cooking oil,spaghetti,cheese,coca cola,chocolate,snack,tea,cookies,muffins,escalope
chocolate,water,olive oil,ketchup,garlic,muffins
snack,cooking oil,juice
tea,dark chocolate,mustard,water,cooking oil,chocolate,snack,cheese,tuna,muffins
white bread,yogurt,dark chocolate,flour,escalope,ketchup
honey,garlic,escalope,butter,flour,cookies,milk,cooking oil,tuna,dark chocolate,muffins,chicken
cookies,snack,beef,escalope,spaghetti,tea,yogurt,honey,cooking oil,chocolate,tuna,cheese,chicken,muffins,flour,coca cola,dark chocolate,white bread
ketchup,butter,beef,chocolate,coca cola,olive oil,tea,spaghetti
ketchup,honey,mustard,white bread,olive oil,cooking oil,coca cola
juice,mustard,cheese,beef
beef,chocolate,eggs,snack,mustard,muffins,tea,tuna,chicken,coca cola,flour,cooking oil,olive oil,milk,ketchup,juice
chocolate,olive oil,garlic,flour,dark chocolate,spaghetti,tuna,cooking oil,milk,mustard,snack,eggs,cookies,coca cola,yogurt,ketchup,cheese
dark chocolate,flour,juice,beef,white bread,tuna,cookies,honey,spaghetti,milk
honey,cooking oil,chocolate,tuna,muffins,chicken,coca cola,garlic,water,milk,yogurt,escalope,white bread,ketchup,eggs
beef,olive oil,chocolate
cookies,ketchup,cooking oil,tea,water,spaghetti,coca cola,muffins,yogurt,chocolate,escalope,dark chocolate
tea,dark chocolate,beef,tuna,muffins,milk,spaghetti,flour,ketchup,butter,cheese,coca cola,cooking oil,chicken,garlic
eggs,muffins,chocolate,cheese,beef,garlic,water,honey,snack,white bread,coca cola,spaghetti,olive oil,flour
chicken,olive oil,tea,snack,chocolate,escalope,water,beef,mustard,dark chocolate,white bread,ketchup,tuna
milk,olive oil,dark chocolate,garlic,muffins